Longitude,Latitude,name
-39.466667,-9.841944,Cenostigma pyramidale
-38.217641,-9.400062,Cenostigma pyramidale
-38.7725,-11.123611,Cenostigma pyramidale
-39.164444,-12.498611,Cenostigma pyramidale
-38.561459,-10.70953,Cenostigma pyramidale
-39.984722,-10.658333,Cenostigma pyramidale
-36.947827,-10.084482,Cenostigma pyramidale
-36.394222,-7.675233,Cenostigma pyramidale
-38.9275,-12.15,Cenostigma pyramidale
-42.183333,-11.15,Cenostigma pyramidale
-39.039444,-12.368889,Cenostigma pyramidale
11,-11.15,Cenostigma pyramidale
-39.96,-12.96,Cenostigma pyramidale
-42.317778,-11.901389,Cenostigma pyramidale
-42.634722,-11.664167,Cenostigma pyramidale
-41.410556,-3.075556,Cenostigma pyramidale
-37.391111,-6.945278,Cenostigma pyramidale
-37.001661,-5.509465,Cenostigma pyramidale
-39.114444,-12.1325,Cenostigma pyramidale
-37.107077,-5.377097,Cenostigma pyramidale
-37.126359,-5.512746,Cenostigma pyramidale
-40.205278,-12.735556,Cenostigma pyramidale
-41.882778,-6.936389,Cenostigma pyramidale
-40.389167,-9.772222,Cenostigma pyramidale
-38.57775,-3.746528,Cenostigma pyramidale
-38.177253,-6.3286,Cenostigma pyramidale
-38.456282,-6.985287,Cenostigma pyramidale
-38.644647,-6.859413,Cenostigma pyramidale
-37.052175,-5.642358,Cenostigma pyramidale
-39.227767,-12.165586,Cenostigma pyramidale
-40.166667,-11.883333,Cenostigma pyramidale
-38.935883,-11.195028,Cenostigma pyramidale
12,-12.163889,Cenostigma pyramidale
-40.86,-9.18,Cenostigma pyramidale
-37.562989,-9.475817,Cenostigma pyramidale
-37.391667,-9.543889,Cenostigma pyramidale
-40.139722,-9.719722,Cenostigma pyramidale
-41.4,-8.819722,Cenostigma pyramidale
-41.199726,-9.354932,Cenostigma pyramidale
-41.94,-5.58,Cenostigma pyramidale
-41.94,-6.48,Cenostigma pyramidale
-41.76,-6.299722,Cenostigma pyramidale
-37.2,-9.72,Cenostigma pyramidale
-39.4625,-5.5825,Cenostigma pyramidale
-38.52,-11.34,Cenostigma pyramidale
-37.98,-10.62,Cenostigma pyramidale
-41.94,-5.399722,Cenostigma pyramidale
-36.66,-10.8,Cenostigma pyramidale
-39.78,-11.34,Cenostigma pyramidale
-38.64715,-6.575726,Cenostigma pyramidale
-38.478231,-6.815778,Cenostigma pyramidale
-41.265833,-9.683611,Cenostigma pyramidale
-36.12,-10.26,Cenostigma pyramidale
-37.420611,-9.68225,Cenostigma pyramidale
-37.609083,-9.63375,Cenostigma pyramidale
-37.295,-6.989167,Cenostigma pyramidale
-38.274343,-6.467683,Cenostigma pyramidale
-38.180789,-6.486545,Cenostigma pyramidale
-38.469876,-6.701757,Cenostigma pyramidale
-38.313836,-6.863875,Cenostigma pyramidale
-38.81546,-7.015985,Cenostigma pyramidale
-38.345459,-6.552003,Cenostigma pyramidale
-38.74577,-6.93359,Cenostigma pyramidale
-38.367765,-6.672419,Cenostigma pyramidale
-43.226944,-22.967778,Cenostigma pyramidale
-36.512778,-7.094444,Cenostigma pyramidale
-37.874167,-10.645278,Cenostigma pyramidale
12,-12,Cenostigma pyramidale
-35.198985,-5.842061,Cenostigma pyramidale
-38.366512,-10.039402,Cenostigma pyramidale
-37.415131,-8.431488,Cenostigma pyramidale
-37.183342,-7.986707,Cenostigma pyramidale
-39.812556,-7.107861,Cenostigma pyramidale
-40.550417,-7.086139,Cenostigma pyramidale
-36.246321,-5.647685,Cenostigma pyramidale
-36.247329,-5.557708,Cenostigma pyramidale
-36.27771,-5.747305,Cenostigma pyramidale
-39.5375,-8.767222,Cenostigma pyramidale
-39.820305,-9.911388,Cenostigma pyramidale
-40.131028,-7.360333,Cenostigma pyramidale
-38.404929,-8.653229,Cenostigma pyramidale
-38.556089,-8.755103,Cenostigma pyramidale
-37.529044,-8.434509,Cenostigma pyramidale
-37.621376,-8.498651,Cenostigma pyramidale
-37.341495,-7.942215,Cenostigma pyramidale
-39.743889,-11.835,Cenostigma pyramidale
-37.102861,-7.920472,Cenostigma pyramidale
-37.393795,-8.295718,Cenostigma pyramidale
-40.3261,-9.62991,Cenostigma pyramidale
-36.908547,-8.188042,Cenostigma pyramidale
-38.695556,-11.699167,Cenostigma pyramidale
-41.538415,-11.553407,Cenostigma pyramidale
-37.270279,-8.123476,Cenostigma pyramidale
-37.315606,-8.226055,Cenostigma pyramidale
-37.265107,-8.032334,Cenostigma pyramidale
-37.637017,-7.921293,Cenostigma pyramidale
-39.246944,-10.743611,Cenostigma pyramidale
-36.278333,-6.918611,Cenostigma pyramidale
-37.8318,-9.502108,Cenostigma pyramidale
-39.636667,-8.128056,Cenostigma pyramidale
-38.700833,-8.054444,Cenostigma pyramidale
-44.639722,-6.186389,Cenostigma pyramidale
-37.181599,-8.149842,Cenostigma pyramidale
-37.849444,-8.459722,Cenostigma pyramidale
-37.621389,-8.624444,Cenostigma pyramidale
-38.485,-3.745,Cenostigma pyramidale
-37.888123,-8.607766,Cenostigma pyramidale
-37.202662,-8.40579,Cenostigma pyramidale
0,0,Cenostigma pyramidale
-38.706389,-9.916944,Cenostigma pyramidale
-38.82075,-4.243483,Cenostigma pyramidale
-37.195444,-8.53075,Cenostigma pyramidale
-3.946111,-8.298333,Cenostigma pyramidale
-3.127778,-8.176944,Cenostigma pyramidale
-37.212963,-8.294907,Cenostigma pyramidale
-37.636112,-8.40787,Cenostigma pyramidale
-36.955343,-8.299749,Cenostigma pyramidale
-40.204031,-10.265588,Cenostigma pyramidale
-39.07086,-8.373843,Cenostigma pyramidale
-37.934275,-9.014175,Cenostigma pyramidale
-38.809444,-10.950556,Cenostigma pyramidale
-38.809444,-10.800556,Cenostigma pyramidale
-37.68556,-9.018723,Cenostigma pyramidale
-40.548892,-9.325007,Cenostigma pyramidale
-39.295033,-8.532457,Cenostigma pyramidale
-39.478889,-8.470278,Cenostigma pyramidale
-43.919722,-11.7,Cenostigma pyramidale
-45.001667,-11.7,Cenostigma pyramidale
-44.459722,-11.34,Cenostigma pyramidale
-43.075556,-8.182778,Cenostigma pyramidale
-36.890833,-7.466389,Cenostigma pyramidale
-37.325833,-8.465833,Cenostigma pyramidale
-37.321944,-9.252778,Cenostigma pyramidale
-39.466667,-11.933333,Cenostigma pyramidale
-39.266667,-11.55,Cenostigma pyramidale
-37.521944,-5.041667,Cenostigma pyramidale
-46.976389,-7.28,Cenostigma pyramidale
-43.456389,-4.749167,Cenostigma pyramidale
-41.370833,-13.005278,Cenostigma pyramidale
11,-11,Cenostigma pyramidale
-38.955,-11.334722,Cenostigma pyramidale
-37.278056,-9.917222,Cenostigma pyramidale
-35.971944,-7.280278,Cenostigma pyramidale
-44.280556,-7.200278,Cenostigma pyramidale
-38.383056,-3.424722,Cenostigma pyramidale
-44.766667,-3.410833,Cenostigma pyramidale
-37.486883,-10.191128,Cenostigma pyramidale
-37.018226,-8.431493,Cenostigma pyramidale
-39.556111,-10.208333,Cenostigma pyramidale
-42.498611,-13.1425,Cenostigma pyramidale
-39.168333,-9.594722,Cenostigma pyramidale
-40.966667,-9.15,Cenostigma pyramidale
-39.106389,-10.120278,Cenostigma pyramidale
-35.018889,-6.368056,Cenostigma pyramidale
-41.762833,-10.357138,Cenostigma pyramidale
-37.7904,-9.6514,Cenostigma pyramidale
-36.180002,-6.660002,Cenostigma pyramidale
-35.999999,-7.020008,Cenostigma pyramidale
-40.858841,-9.54455,Cenostigma pyramidale
-36.900278,-8.999444,Cenostigma pyramidale
-42.378889,-8.261389,Cenostigma pyramidale
-37.44,-7.74,Cenostigma pyramidale
-38.7,-7.74,Cenostigma pyramidale
-37.44,-7.919722,Cenostigma pyramidale
-38.690278,-8.344722,Cenostigma pyramidale
-39.660278,-11.45,Cenostigma pyramidale
-39.460278,-11.45,Cenostigma pyramidale
-45,-5.219722,Cenostigma pyramidale
-44.639722,-5.4,Cenostigma pyramidale
-44.819722,-10.62,Cenostigma pyramidale
-47.52,-5.4,Cenostigma pyramidale
-39.660278,-11.65,Cenostigma pyramidale
-43.15,-11.816667,Cenostigma pyramidale
-42.6,-11.816667,Cenostigma pyramidale
-43.74,-12.419722,Cenostigma pyramidale
-43.74,-5.22,Cenostigma pyramidale
-39.412222,-12.435556,Cenostigma pyramidale
-45,-10.44,Cenostigma pyramidale
-35.407222,-7.6275,Cenostigma pyramidale
-44.1,-13.32,Cenostigma pyramidale
-43.74,-10.8,Cenostigma pyramidale
-44.46,-11.15,Cenostigma pyramidale
-37.061944,-7.570278,Cenostigma pyramidale
-41.689444,-11.071389,Cenostigma pyramidale
-40.6,-12.5,Cenostigma pyramidale
-42.633889,-6.693611,Cenostigma pyramidale
-37.020742,-10.559258,Cenostigma pyramidale
-36.638361,-10.256222,Cenostigma pyramidale
-43.757594,-14.884167,Cenostigma pyramidale
-40.605278,-12.6625,Cenostigma pyramidale
-38.818056,-7.551639,Cenostigma pyramidale
12,-12.766667,Cenostigma pyramidale
-40.462908,-9.359536,Cenostigma pyramidale
-38.21025,-9.590555,Cenostigma pyramidale
-37.293889,-9.536111,Cenostigma pyramidale
-37.173889,-9.321111,Cenostigma pyramidale
13,-13,Cenostigma pyramidale
-38.674097,-9.676003,Cenostigma pyramidale
-38.173225,-9.976775,Cenostigma pyramidale
-37.698361,-9.579639,Cenostigma pyramidale
-39.04,-12.244167,Cenostigma pyramidale
-36.279172,-3.973889,Cenostigma pyramidale
-41.0835,-9.451,Cenostigma pyramidale
-39.04,-12.044167,Cenostigma pyramidale
-36.164444,-3.5825,Cenostigma pyramidale
-36.856667,-7.276389,Cenostigma pyramidale
-38.309167,-11.189722,Cenostigma pyramidale
-38.183333,-10.708333,Cenostigma pyramidale
-39.222222,-8.027778,Cenostigma pyramidale
-39.5,-7.972222,Cenostigma pyramidale
-39.142222,-8.138333,Cenostigma pyramidale
-38.644444,-8.883056,Cenostigma pyramidale
-38.644444,-8.649722,Cenostigma pyramidale
-38.341389,-7.341667,Cenostigma pyramidale
-44.333333,-13.666667,Cenostigma pyramidale
-38.341467,-7.924867,Cenostigma pyramidale
-38.411167,-8.883111,Cenostigma pyramidale
-37.822367,-7.9163,Cenostigma pyramidale
-34.7175,-1.466945,Cenostigma pyramidale
-40.472222,-8.472222,Cenostigma pyramidale
-39.138888,-9.361112,Cenostigma pyramidale
-43.328611,-9.234722,Cenostigma pyramidale
-39.351389,-8.36,Cenostigma pyramidale
-39.211944,-8.211667,Cenostigma pyramidale
-39.351333,-8.659861,Cenostigma pyramidale
-39.212,-8.461667,Cenostigma pyramidale
-39.168778,-8.665472,Cenostigma pyramidale
-38.713056,-7.092778,Cenostigma pyramidale
-35.9667,-8.285,Cenostigma pyramidale
-38.019722,-9.416667,Cenostigma pyramidale
-38.011111,-9.25,Cenostigma pyramidale
-35.518056,-8.085833,Cenostigma pyramidale
-37.434444,-9.434722,Cenostigma pyramidale
-37.893889,-9.312222,Cenostigma pyramidale
-39.408333,-7.41,Cenostigma pyramidale
-39.408333,-7.976667,Cenostigma pyramidale
5,-5,Cenostigma pyramidale
-39.111112,-7.194445,Cenostigma pyramidale
-37.703611,-10.179333,Cenostigma pyramidale
-37.65,-10.918056,Cenostigma pyramidale
-36.886944,-7.887222,Cenostigma pyramidale
-40.306111,-3.616944,Cenostigma pyramidale
-38.555555,-6.638888,Cenostigma pyramidale
-38.343775,-6.388333,Cenostigma pyramidale
-40.182222,-3.37,Cenostigma pyramidale
-40.738889,-3.366944,Cenostigma pyramidale
-39.476111,-12.863333,Cenostigma pyramidale
-37.757778,-8.753333,Cenostigma pyramidale
-37.702306,-8.039389,Cenostigma pyramidale
-39.771944,-10.721389,Cenostigma pyramidale
-37.935278,-6.616944,Cenostigma pyramidale
-38.636139,-7.5555,Cenostigma pyramidale
-39.7075,-12.486667,Cenostigma pyramidale
-39.7025,-12.711111,Cenostigma pyramidale
-39.014444,-7.0125,Cenostigma pyramidale
-38.383342,-9.7080939999999991,Cenostigma pyramidale
-38.430556,-6.425278,Cenostigma pyramidale
-37.108797,-10.535186,Cenostigma pyramidale
-39.005977,-7.706038,Cenostigma pyramidale
-38.106758,-7.034716,Cenostigma pyramidale
-39.306563,-7.813466,Cenostigma pyramidale
-39.53508,-7.647983,Cenostigma pyramidale
-37.399333,-7.82225,Cenostigma pyramidale
-38.521083,-8.381083,Cenostigma pyramidale
-39.193611,-11.195556,Cenostigma pyramidale
-38.417778,-8.326667,Cenostigma pyramidale
-38.445,-7.146944,Cenostigma pyramidale
-38.508056,-7.069444,Cenostigma pyramidale
-38.493056,-7.326944,Cenostigma pyramidale
-39.337972,-8.076861,Cenostigma pyramidale
-39.183333,-11.5,Cenostigma pyramidale
-37.863778,-9.979444,Cenostigma pyramidale
-37.515,-9.584722,Cenostigma pyramidale
-38.889305,-7.651888,Cenostigma pyramidale
-37.344444,-5.191944,Cenostigma pyramidale
-37.106111,-8.290556,Cenostigma pyramidale
-38.112778,-8.588889,Cenostigma pyramidale
-37.437575,-8.107002,Cenostigma pyramidale
-38.708056,-6.700833,Cenostigma pyramidale
-37.533333,-8.110556,Cenostigma pyramidale
-38.913725,-6.714408,Cenostigma pyramidale
-38.963889,-6.858611,Cenostigma pyramidale
-38.873333,-6.604444,Cenostigma pyramidale
-37.893055,-7.244722,Cenostigma pyramidale
-39.516667,-12.766667,Cenostigma pyramidale
-37.684167,-9.805278,Cenostigma pyramidale
-38.567075,-9.4371,Cenostigma pyramidale
-38.55694,-10.17556,Cenostigma pyramidale
-47.566667,-13.55,Cenostigma pyramidale
-38.395386,-8.794227,Cenostigma pyramidale
-38.5425,-7.175278,Cenostigma pyramidale
-37.110994,-10.265469,Cenostigma pyramidale
-37.534167,-10.549444,Cenostigma pyramidale
-37.320278,-10.325833,Cenostigma pyramidale
-37.819967,-6.670133,Cenostigma pyramidale
-38.191472,-8.666805,Cenostigma pyramidale
-39.56,-9.140556,Cenostigma pyramidale
-37.438056,-11.268611,Cenostigma pyramidale
-38.653056,-7.232778,Cenostigma pyramidale
-34,-7,Cenostigma pyramidale
-38.568916,-6.996833,Cenostigma pyramidale
-39.057222,-9.231111,Cenostigma pyramidale
-39.796389,-12.744167,Cenostigma pyramidale
-39.057222,-9.064444,Cenostigma pyramidale
-36.245278,-7.361667,Cenostigma pyramidale
-37.620556,-11.146944,Cenostigma pyramidale
-38.174444,-6.961389,Cenostigma pyramidale
-38.058777,-9.143527,Cenostigma pyramidale
-39.907888,-7.962361,Cenostigma pyramidale
-38.737972,-8.805972,Cenostigma pyramidale
-35.598333,-50.672222,Cenostigma pyramidale
-39.767222,-7.987222,Cenostigma pyramidale
-37.950722,-8.516694,Cenostigma pyramidale
-37.620216,-8.829722,Cenostigma pyramidale
-40.040833,-8.372139,Cenostigma pyramidale
-39.751667,-8.250833,Cenostigma pyramidale
-38.599167,-7.1,Cenostigma pyramidale
-37.582222,-8.949167,Cenostigma pyramidale
-39.600833,-8.561583,Cenostigma pyramidale
-38.459711,-8.450869,Cenostigma pyramidale
-39.353944,-8.257361,Cenostigma pyramidale
-37.529758,-7.802261,Cenostigma pyramidale
-37.024167,-8.115278,Cenostigma pyramidale
-38.77063,-7.64158,Cenostigma pyramidale
-39.06525,-8.061166,Cenostigma pyramidale
-40.298694,-7.880888,Cenostigma pyramidale
-37.725008,-8.56108,Cenostigma pyramidale
-38.069838,-8.002988,Cenostigma pyramidale
-37.059919,-8.206063,Cenostigma pyramidale
-37.164167,-9.550278,Cenostigma pyramidale
-38.1625,-8.139722,Cenostigma pyramidale
-38.081389,-8.19,Cenostigma pyramidale
-37.304167,-8.3775,Cenostigma pyramidale
-40.045,-8.043333,Cenostigma pyramidale
-37.535833,-8.536667,Cenostigma pyramidale
-39.304883,-8.175127,Cenostigma pyramidale
-40.262786,-8.506947,Cenostigma pyramidale
-37.421611,-10.107056,Cenostigma pyramidale
-39.266667,-11.766667,Cenostigma pyramidale
-40.233056,-8.177222,Cenostigma pyramidale
-40.2725,-8.406389,Cenostigma pyramidale
-38.331111,-8.7275,Cenostigma pyramidale
-37.639058,-8.232438,Cenostigma pyramidale
-37.873283,-8.364102,Cenostigma pyramidale
-39.216667,-10.316667,Cenostigma pyramidale
-37.783694,-8.335917,Cenostigma pyramidale
-39.216667,-10.216667,Cenostigma pyramidale
-39.079722,-7.925556,Cenostigma pyramidale
-37.353889,-8.061667,Cenostigma pyramidale
