Longitude,Latitude,sp
-39.46666700000001,-9.841944,Cenostigma pyramidale
-38.217641,-9.400062,Cenostigma pyramidale
-38.7725,-11.123611,Cenostigma pyramidale
-38.561459000000006,-10.70953,Cenostigma pyramidale
-39.984722,-10.658333,Cenostigma pyramidale
-36.947827000000004,-10.084482,Cenostigma pyramidale
-36.394222,-7.675233,Cenostigma pyramidale
-38.9275,-12.15,Cenostigma pyramidale
-42.183333000000005,-11.15,Cenostigma pyramidale
-39.96000000000001,-12.96,Cenostigma pyramidale
-42.317778,-11.901389,Cenostigma pyramidale
-42.634722,-11.664167,Cenostigma pyramidale
-41.410556,-3.075556,Cenostigma pyramidale
-37.39111100000001,-6.945277999999999,Cenostigma pyramidale
-37.001661,-5.509465,Cenostigma pyramidale
-37.107077,-5.377097,Cenostigma pyramidale
-37.126359,-5.512746000000001,Cenostigma pyramidale
-40.205278,-12.735556,Cenostigma pyramidale
-41.882778,-6.936388999999999,Cenostigma pyramidale
-40.38916699999999,-9.772222,Cenostigma pyramidale
-38.57775,-3.746528,Cenostigma pyramidale
-38.177253,-6.3286,Cenostigma pyramidale
-38.45628200000001,-6.985287,Cenostigma pyramidale
-38.64464699999999,-6.859413,Cenostigma pyramidale
-37.052175,-5.642358,Cenostigma pyramidale
-40.166667,-11.883333,Cenostigma pyramidale
-38.935883,-11.195028,Cenostigma pyramidale
-40.86,-9.18,Cenostigma pyramidale
-37.56298900000001,-9.475817,Cenostigma pyramidale
-37.391667,-9.543889,Cenostigma pyramidale
-40.139722,-9.719722,Cenostigma pyramidale
-41.39999999999999,-8.819722,Cenostigma pyramidale
-41.199726,-9.354932,Cenostigma pyramidale
-37.2,-9.72,Cenostigma pyramidale
-39.4625,-5.582499999999999,Cenostigma pyramidale
-38.52,-11.34,Cenostigma pyramidale
-37.98,-10.62,Cenostigma pyramidale
-39.78,-11.34,Cenostigma pyramidale
-38.64715,-6.575726,Cenostigma pyramidale
-38.478230999999994,-6.815778,Cenostigma pyramidale
-41.265833,-9.683610999999999,Cenostigma pyramidale
-37.420611,-9.68225,Cenostigma pyramidale
-37.609083,-9.63375,Cenostigma pyramidale
-37.295,-6.989167,Cenostigma pyramidale
-38.274343,-6.467683000000001,Cenostigma pyramidale
-38.180789,-6.486545,Cenostigma pyramidale
-38.469876,-6.701756999999999,Cenostigma pyramidale
-38.313836,-6.863875,Cenostigma pyramidale
-38.815459999999995,-7.015985,Cenostigma pyramidale
-38.345459,-6.552003,Cenostigma pyramidale
-38.74577,-6.933589999999999,Cenostigma pyramidale
-38.367765,-6.672419,Cenostigma pyramidale
-36.512778,-7.094444000000001,Cenostigma pyramidale
-37.874167,-10.645278,Cenostigma pyramidale
-38.36651200000001,-10.039402,Cenostigma pyramidale
-37.415131,-8.431488,Cenostigma pyramidale
-37.18334200000001,-7.986707,Cenostigma pyramidale
-39.812555999999994,-7.107861,Cenostigma pyramidale
-40.550417,-7.086139000000001,Cenostigma pyramidale
-36.246321,-5.647685,Cenostigma pyramidale
-36.247329,-5.557708,Cenostigma pyramidale
-36.27771,-5.747305,Cenostigma pyramidale
-39.5375,-8.767222,Cenostigma pyramidale
-39.820305000000005,-9.911387999999999,Cenostigma pyramidale
-40.131028,-7.360333,Cenostigma pyramidale
-38.404929,-8.653229,Cenostigma pyramidale
-38.556089,-8.755103,Cenostigma pyramidale
-37.529044,-8.434509,Cenostigma pyramidale
-37.621376,-8.498651000000002,Cenostigma pyramidale
-37.341495,-7.942214999999999,Cenostigma pyramidale
-39.743889,-11.835,Cenostigma pyramidale
-37.102861,-7.920471999999999,Cenostigma pyramidale
-37.393795,-8.295718,Cenostigma pyramidale
-40.3261,-9.62991,Cenostigma pyramidale
-36.908547,-8.188041999999998,Cenostigma pyramidale
-38.695556,-11.699167,Cenostigma pyramidale
-41.538415,-11.553407,Cenostigma pyramidale
-37.270279,-8.123476,Cenostigma pyramidale
-37.31560600000001,-8.226055,Cenostigma pyramidale
-37.265107,-8.032334,Cenostigma pyramidale
-37.637017,-7.921293,Cenostigma pyramidale
-39.246944,-10.743611,Cenostigma pyramidale
-36.27833300000001,-6.918611000000001,Cenostigma pyramidale
-37.8318,-9.502108,Cenostigma pyramidale
-39.636667,-8.128055999999999,Cenostigma pyramidale
-38.700833,-8.054444,Cenostigma pyramidale
-37.181599000000006,-8.149842000000001,Cenostigma pyramidale
-37.849444,-8.459722,Cenostigma pyramidale
-37.621389,-8.624444,Cenostigma pyramidale
-38.485,-3.745,Cenostigma pyramidale
-37.888123,-8.607766000000002,Cenostigma pyramidale
-37.202662,-8.40579,Cenostigma pyramidale
-38.706389,-9.916944,Cenostigma pyramidale
-38.82075,-4.243483,Cenostigma pyramidale
-37.195444,-8.53075,Cenostigma pyramidale
-37.21296300000001,-8.294906999999998,Cenostigma pyramidale
-37.636112000000004,-8.407870000000003,Cenostigma pyramidale
-36.955343000000006,-8.299748999999998,Cenostigma pyramidale
-40.204031,-10.265588,Cenostigma pyramidale
-39.07086,-8.373843,Cenostigma pyramidale
-37.934275,-9.014174999999998,Cenostigma pyramidale
-38.80944399999999,-10.950556,Cenostigma pyramidale
-38.809444,-10.800556,Cenostigma pyramidale
-37.685559999999995,-9.018723,Cenostigma pyramidale
-40.548892,-9.325007,Cenostigma pyramidale
-39.295033,-8.532457,Cenostigma pyramidale
-39.478889,-8.470278,Cenostigma pyramidale
-43.91972199999999,-11.7,Cenostigma pyramidale
-43.075556000000006,-8.182778,Cenostigma pyramidale
-36.890833,-7.466389000000002,Cenostigma pyramidale
-37.325833,-8.465833,Cenostigma pyramidale
-37.32194400000001,-9.252778,Cenostigma pyramidale
-39.266667,-11.55,Cenostigma pyramidale
-37.521944,-5.041667,Cenostigma pyramidale
-41.370833,-13.005278,Cenostigma pyramidale
-38.955000000000005,-11.334722,Cenostigma pyramidale
-37.278056,-9.917222,Cenostigma pyramidale
-35.971944,-7.280278000000001,Cenostigma pyramidale
-37.486883000000006,-10.191128,Cenostigma pyramidale
-37.018226,-8.431493,Cenostigma pyramidale
-39.55611100000001,-10.208333,Cenostigma pyramidale
-42.498611,-13.1425,Cenostigma pyramidale
-39.168333,-9.594721999999999,Cenostigma pyramidale
-40.966667,-9.15,Cenostigma pyramidale
-39.106389,-10.120278,Cenostigma pyramidale
-41.762833,-10.357138,Cenostigma pyramidale
-37.7904,-9.651399999999999,Cenostigma pyramidale
-36.180002,-6.6600019999999995,Cenostigma pyramidale
-35.999998999999995,-7.020008,Cenostigma pyramidale
-40.858841000000005,-9.54455,Cenostigma pyramidale
-36.900278,-8.999444,Cenostigma pyramidale
-42.378889,-8.261389000000001,Cenostigma pyramidale
-37.44,-7.739999999999998,Cenostigma pyramidale
-38.7,-7.74,Cenostigma pyramidale
-37.43999999999999,-7.919721999999998,Cenostigma pyramidale
-38.690278000000006,-8.344721999999999,Cenostigma pyramidale
-39.660278,-11.450000000000001,Cenostigma pyramidale
-39.46027800000001,-11.450000000000001,Cenostigma pyramidale
-39.66027799999999,-11.65,Cenostigma pyramidale
-43.15,-11.816667,Cenostigma pyramidale
-42.6,-11.816667,Cenostigma pyramidale
-43.74,-12.419722000000002,Cenostigma pyramidale
-39.412222,-12.435556,Cenostigma pyramidale
-44.1,-13.319999999999999,Cenostigma pyramidale
-43.74000000000001,-10.799999999999999,Cenostigma pyramidale
-37.061944,-7.570278,Cenostigma pyramidale
-41.689444,-11.071389000000002,Cenostigma pyramidale
-40.6,-12.499999999999998,Cenostigma pyramidale
-42.633889,-6.693611,Cenostigma pyramidale
-43.757594,-14.884167000000001,Cenostigma pyramidale
-40.605278,-12.662500000000001,Cenostigma pyramidale
-38.818056,-7.551639,Cenostigma pyramidale
-40.462908,-9.359536,Cenostigma pyramidale
-38.21025000000001,-9.590555000000002,Cenostigma pyramidale
-37.293889,-9.536111,Cenostigma pyramidale
-37.173889,-9.321111,Cenostigma pyramidale
-38.674097,-9.676003,Cenostigma pyramidale
-38.173225,-9.976775000000002,Cenostigma pyramidale
-37.698361,-9.579639,Cenostigma pyramidale
-41.083499999999994,-9.451,Cenostigma pyramidale
-36.856667,-7.276389000000002,Cenostigma pyramidale
-38.309167,-11.189722,Cenostigma pyramidale
-38.183333,-10.708333,Cenostigma pyramidale
-39.222221999999995,-8.027778,Cenostigma pyramidale
-39.5,-7.972222000000001,Cenostigma pyramidale
-39.142222000000004,-8.138333,Cenostigma pyramidale
-38.644444,-8.883055999999998,Cenostigma pyramidale
-38.644444,-8.649722,Cenostigma pyramidale
-38.34138900000001,-7.341667000000003,Cenostigma pyramidale
-44.333333,-13.666667,Cenostigma pyramidale
-38.341467,-7.924866999999999,Cenostigma pyramidale
-38.411167,-8.883110999999998,Cenostigma pyramidale
-37.822367,-7.9163000000000014,Cenostigma pyramidale
-40.472222,-8.472222,Cenostigma pyramidale
-39.138888,-9.361112,Cenostigma pyramidale
-43.32861100000001,-9.234722,Cenostigma pyramidale
-39.351389,-8.36,Cenostigma pyramidale
-39.211944,-8.211667,Cenostigma pyramidale
-39.351333,-8.659861,Cenostigma pyramidale
-39.21200000000001,-8.461667,Cenostigma pyramidale
-39.168777999999996,-8.665472,Cenostigma pyramidale
-38.713056,-7.092778,Cenostigma pyramidale
-35.9667,-8.285,Cenostigma pyramidale
-38.01972200000001,-9.416667,Cenostigma pyramidale
-38.01111100000001,-9.25,Cenostigma pyramidale
-35.518055999999994,-8.085833,Cenostigma pyramidale
-37.434444,-9.434722,Cenostigma pyramidale
-37.893889,-9.312222000000002,Cenostigma pyramidale
-39.408333000000006,-7.41,Cenostigma pyramidale
-39.408333000000006,-7.976666999999998,Cenostigma pyramidale
-39.111112,-7.194444999999999,Cenostigma pyramidale
-37.70361100000001,-10.179333000000002,Cenostigma pyramidale
-37.650000000000006,-10.918056000000002,Cenostigma pyramidale
-36.886944,-7.887222000000002,Cenostigma pyramidale
-40.306111,-3.6169439999999993,Cenostigma pyramidale
-38.555555,-6.638887999999998,Cenostigma pyramidale
-38.343775,-6.388333,Cenostigma pyramidale
-40.182222,-3.37,Cenostigma pyramidale
-40.738889,-3.366944,Cenostigma pyramidale
-37.75777800000001,-8.753333,Cenostigma pyramidale
-37.702306,-8.039389000000002,Cenostigma pyramidale
-39.771944,-10.721389,Cenostigma pyramidale
-37.935278,-6.616944,Cenostigma pyramidale
-38.636139,-7.555500000000001,Cenostigma pyramidale
-39.7075,-12.486667,Cenostigma pyramidale
-39.7025,-12.711110999999999,Cenostigma pyramidale
-39.01444399999999,-7.012500000000001,Cenostigma pyramidale
-38.383342,-9.7080939999999991,Cenostigma pyramidale
-38.430556,-6.425278,Cenostigma pyramidale
-39.005977,-7.706038000000002,Cenostigma pyramidale
-38.106758,-7.034716,Cenostigma pyramidale
-39.306563,-7.813466,Cenostigma pyramidale
-39.53508,-7.647982999999998,Cenostigma pyramidale
-37.399333,-7.82225,Cenostigma pyramidale
-38.521083000000004,-8.381083,Cenostigma pyramidale
-39.193611,-11.195556,Cenostigma pyramidale
-38.417778,-8.326666999999999,Cenostigma pyramidale
-38.44499999999999,-7.146944,Cenostigma pyramidale
-38.508056,-7.069444,Cenostigma pyramidale
-38.49305600000001,-7.326944000000002,Cenostigma pyramidale
-39.33797199999999,-8.076861000000001,Cenostigma pyramidale
-39.183333,-11.500000000000002,Cenostigma pyramidale
-37.863778,-9.979443999999999,Cenostigma pyramidale
-37.515,-9.584722000000001,Cenostigma pyramidale
-38.889305,-7.6518880000000005,Cenostigma pyramidale
-37.34444400000001,-5.191944,Cenostigma pyramidale
-37.106111,-8.290556,Cenostigma pyramidale
-38.112778,-8.588889,Cenostigma pyramidale
-37.43757500000001,-8.107002000000001,Cenostigma pyramidale
-38.708056,-6.700833,Cenostigma pyramidale
-37.533333000000006,-8.110556,Cenostigma pyramidale
-38.91372500000001,-6.714408,Cenostigma pyramidale
-38.963889,-6.858611000000001,Cenostigma pyramidale
-38.873333,-6.604444,Cenostigma pyramidale
-37.893055,-7.244722000000002,Cenostigma pyramidale
-39.516667,-12.766667,Cenostigma pyramidale
-37.684167,-9.805278,Cenostigma pyramidale
-38.567075,-9.4371,Cenostigma pyramidale
-38.55694,-10.175560000000003,Cenostigma pyramidale
-38.395386,-8.794227,Cenostigma pyramidale
-38.542500000000004,-7.175277999999998,Cenostigma pyramidale
-37.11099399999999,-10.265468999999998,Cenostigma pyramidale
-37.534167,-10.549443999999998,Cenostigma pyramidale
-37.32027800000001,-10.325833,Cenostigma pyramidale
-37.819967,-6.670133,Cenostigma pyramidale
-38.191472,-8.666805,Cenostigma pyramidale
-39.56,-9.140556,Cenostigma pyramidale
-38.653056,-7.232778000000001,Cenostigma pyramidale
-38.568916,-6.9968330000000005,Cenostigma pyramidale
-39.05722200000001,-9.231110999999999,Cenostigma pyramidale
-39.796389000000005,-12.744167,Cenostigma pyramidale
-39.057222,-9.064444,Cenostigma pyramidale
-36.245278000000006,-7.361667,Cenostigma pyramidale
-38.17444400000001,-6.961389,Cenostigma pyramidale
-38.05877699999999,-9.143527,Cenostigma pyramidale
-39.90788799999999,-7.962361,Cenostigma pyramidale
-38.737972,-8.805972,Cenostigma pyramidale
-39.767222,-7.987222000000002,Cenostigma pyramidale
-37.950722,-8.516694,Cenostigma pyramidale
-37.620216,-8.829722000000002,Cenostigma pyramidale
-40.040833,-8.372139,Cenostigma pyramidale
-39.751667,-8.250833,Cenostigma pyramidale
-38.599167,-7.1,Cenostigma pyramidale
-37.582222,-8.949167,Cenostigma pyramidale
-39.600833,-8.561583,Cenostigma pyramidale
-38.459711,-8.450869,Cenostigma pyramidale
-39.353944,-8.257361,Cenostigma pyramidale
-37.529758,-7.802261000000001,Cenostigma pyramidale
-37.024167,-8.115278,Cenostigma pyramidale
-38.770630000000004,-7.641580000000001,Cenostigma pyramidale
-39.06525,-8.061166,Cenostigma pyramidale
-40.298694,-7.880888,Cenostigma pyramidale
-37.725008,-8.56108,Cenostigma pyramidale
-38.069838,-8.002988,Cenostigma pyramidale
-37.059919,-8.206063,Cenostigma pyramidale
-37.164167,-9.550278,Cenostigma pyramidale
-38.16250000000001,-8.139722000000003,Cenostigma pyramidale
-38.081389,-8.190000000000001,Cenostigma pyramidale
-37.304167,-8.377500000000001,Cenostigma pyramidale
-40.045,-8.043333000000002,Cenostigma pyramidale
-37.535833,-8.536666999999998,Cenostigma pyramidale
-39.304883,-8.175127,Cenostigma pyramidale
-40.262786,-8.506947,Cenostigma pyramidale
-37.421611,-10.107056,Cenostigma pyramidale
-39.266667,-11.766667000000002,Cenostigma pyramidale
-40.233056,-8.177222,Cenostigma pyramidale
-40.2725,-8.406389,Cenostigma pyramidale
-38.331111,-8.727499999999997,Cenostigma pyramidale
-37.639058,-8.232437999999998,Cenostigma pyramidale
-37.873283,-8.364102,Cenostigma pyramidale
-39.21666700000001,-10.316667,Cenostigma pyramidale
-37.783694,-8.335916999999998,Cenostigma pyramidale
-39.21666700000001,-10.216666999999998,Cenostigma pyramidale
-39.079722000000004,-7.925556,Cenostigma pyramidale
-37.353889,-8.061667000000002,Cenostigma pyramidale
